firstName,preposition,lastName,gender,discipline,hometown,office
Bart,,Plasmeijer,male,backend development,leusden,amersfoort
Reina,,Zwarts,female,frontend development,amersfoort,amersfoort
Chris,van de,Steeg,male,backend development,leusden,amersfoort
Karin,,Horenberg,female,backend development,leusden,amersfoort
Arjan,den,Os,male,visual design,woudenberg,amersfoort
Guido,van,Tricht,male,backend development,driebergen-rijsenburg,amersfoort
Ermo,,Leenders,male,interaction design,zeist,amersfoort
Frank,,Nijmeijer,male,backend development,soest,amersfoort
Jorian,,Pieneman,male,information architecture,zwolle,amersfoort
Manon,,Bruinekreeft,female,project management,barneveld,amersfoort
Mo,,Cornelisz,female,online marketing,utrecht,amersfoort
Ralf,van den,Burg,male,backend development,barneveld,amersfoort
Stefan,,Kuiper,male,frontend development,zwolle,amersfoort
Jarón,,Barends,male,frontend development,driebergen-rijsenburg,amersfoort
Gert-Jan,,Fröberg,male,service management,leusden,amersfoort
Reinoud,van,Dalen,male,backend development,lelystad,amersfoort
Talitha,,Kostwinder,female,interaction design,utrecht,amersfoort
Jeroen,van,Rijn,male,visual design,utrecht,amersfoort
Joost,van,Eeden,male,project management,amsterdam,amersfoort
Nicole,,Stroosnijder,female,sales,de meern,amersfoort
Bart,van,Vuuren,male,sales,zeist,amersfoort
Ernestien,van de,Griendt,female,project management,utrecht,amersfoort
Tim,,Keijne,male,information architecture,zwolle,amersfoort
Daniël,,Hoetmer,male,information architecture,utrecht,amersfoort
Barry,van,Oven,male,frontend development,amersfoort,amersfoort
